Workbook

Sheet Detalle (227 casos)
A1: Archivo | B1: Caso ID | C1: Descripción | D1: Categorías | E1: Justificación | F1: A | G1: B | H1: C | I1: D | J1: E | K1: F | L1: G | M1: H | N1: I
A2: clinical-cases.test.mjs | B2: A1 | C2: T2D virgen + IC -> Metformina + SGLT2i con beneficio IC | D2: A | E2: Paciente tipico con comorbilidad (IC) que guia la seleccion de farmaco segun guia, sin valores extremos | F2: =IF(ISNUMBER(SEARCH(","&F$1&",",","&$D2&",")),1,0) -> 1 | G2: =IF(ISNUMBER(SEARCH(","&G$1&",",","&$D2&",")),1,0) -> 0 | H2: =IF(ISNUMBER(SEARCH(","&H$1&",",","&$D2&",")),1,0) -> 0 | I2: =IF(ISNUMBER(SEARCH(","&I$1&",",","&$D2&",")),1,0) -> 0 | J2: =IF(ISNUMBER(SEARCH(","&J$1&",",","&$D2&",")),1,0) -> 0 | K2: =IF(ISNUMBER(SEARCH(","&K$1&",",","&$D2&",")),1,0) -> 0 | L2: =IF(ISNUMBER(SEARCH(","&L$1&",",","&$D2&",")),1,0) -> 0 | M2: =IF(ISNUMBER(SEARCH(","&M$1&",",","&$D2&",")),1,0) -> 0 | N2: =IF(ISNUMBER(SEARCH(","&N$1&",",","&$D2&",")),1,0) -> 0
A3: clinical-cases.test.mjs | B3: A2 | C3: T2D virgen + ERC (eGFR calculado) -> Metformina + SGLT2i con beneficio erc | D3: A | E3: Escenario clinico comun de comorbilidad renal que dirige la eleccion terapeutica | F3: =IF(ISNUMBER(SEARCH(","&F$1&",",","&$D3&",")),1,0) -> 1 | G3: =IF(ISNUMBER(SEARCH(","&G$1&",",","&$D3&",")),1,0) -> 0 | H3: =IF(ISNUMBER(SEARCH(","&H$1&",",","&$D3&",")),1,0) -> 0 | I3: =IF(ISNUMBER(SEARCH(","&I$1&",",","&$D3&",")),1,0) -> 0 | J3: =IF(ISNUMBER(SEARCH(","&J$1&",",","&$D3&",")),1,0) -> 0 | K3: =IF(ISNUMBER(SEARCH(","&K$1&",",","&$D3&",")),1,0) -> 0 | L3: =IF(ISNUMBER(SEARCH(","&L$1&",",","&$D3&",")),1,0) -> 0 | M3: =IF(ISNUMBER(SEARCH(","&M$1&",",","&$D3&",")),1,0) -> 0 | N3: =IF(ISNUMBER(SEARCH(","&N$1&",",","&$D3&",")),1,0) -> 0
A4: clinical-cases.test.mjs | B4: A3 | C4: T2D virgen + ASCVD (IAM previo) -> Metformina + agente con beneficio ASCVD | D4: A | E4: Paciente tipico con antecedente cardiovascular que guia la terapia segun guia | F4: =IF(ISNUMBER(SEARCH(","&F$1&",",","&$D4&",")),1,0) -> 1 | G4: =IF(ISNUMBER(SEARCH(","&G$1&",",","&$D4&",")),1,0) -> 0 | H4: =IF(ISNUMBER(SEARCH(","&H$1&",",","&$D4&",")),1,0) -> 0 | I4: =IF(ISNUMBER(SEARCH(","&I$1&",",","&$D4&",")),1,0) -> 0 | J4: =IF(ISNUMBER(SEARCH(","&J$1&",",","&$D4&",")),1,0) -> 0 | K4: =IF(ISNUMBER(SEARCH(","&K$1&",",","&$D4&",")),1,0) -> 0 | L4: =IF(ISNUMBER(SEARCH(","&L$1&",",","&$D4&",")),1,0) -> 0 | M4: =IF(ISNUMBER(SEARCH(","&M$1&",",","&$D4&",")),1,0) -> 0 | N4: =IF(ISNUMBER(SEARCH(","&N$1&",",","&$D4&",")),1,0) -> 0
A5: clinical-cases.test.mjs | B5: A4 | C5: T2D virgen + obesidad (IMC 33) sin otras comorbilidades -> Metformina + agente de perdida de peso | D5: A | E5: Escenario comun de comorbilidad (obesidad) sin datos extremos | F5: =IF(ISNUMBER(SEARCH(","&F$1&",",","&$D5&",")),1,0) -> 1 | G5: =IF(ISNUMBER(SEARCH(","&G$1&",",","&$D5&",")),1,0) -> 0 | H5: =IF(ISNUMBER(SEARCH(","&H$1&",",","&$D5&",")),1,0) -> 0 | I5: =IF(ISNUMBER(SEARCH(","&I$1&",",","&$D5&",")),1,0) -> 0 | J5: =IF(ISNUMBER(SEARCH(","&J$1&",",","&$D5&",")),1,0) -> 0 | K5: =IF(ISNUMBER(SEARCH(","&K$1&",",","&$D5&",")),1,0) -> 0 | L5: =IF(ISNUMBER(SEARCH(","&L$1&",",","&$D5&",")),1,0) -> 0 | M5: =IF(ISNUMBER(SEARCH(","&M$1&",",","&$D5&",")),1,0) -> 0 | N5: =IF(ISNUMBER(SEARCH(","&N$1&",",","&$D5&",")),1,0) -> 0
A6: clinical-cases.test.mjs | B6: A5 | C6: T2D en Metformina+Dapagliflozina (no max) + IC -> solo recordatorios de TITULAR, sin farmaco nuevo | D6: A | E6: Paciente tipico en continuacion de tratamiento, logica de titulacion estandar | F6: =IF(ISNUMBER(SEARCH(","&F$1&",",","&$D6&",")),1,0) -> 1 | G6: =IF(ISNUMBER(SEARCH(","&G$1&",",","&$D6&",")),1,0) -> 0 | H6: =IF(ISNUMBER(SEARCH(","&H$1&",",","&$D6&",")),1,0) -> 0 | I6: =IF(ISNUMBER(SEARCH(","&I$1&",",","&$D6&",")),1,0) -> 0 | J6: =IF(ISNUMBER(SEARCH(","&J$1&",",","&$D6&",")),1,0) -> 0 | K6: =IF(ISNUMBER(SEARCH(","&K$1&",",","&$D6&",")),1,0) -> 0 | L6: =IF(ISNUMBER(SEARCH(","&L$1&",",","&$D6&",")),1,0) -> 0 | M6: =IF(ISNUMBER(SEARCH(","&M$1&",",","&$D6&",")),1,0) -> 0 | N6: =IF(ISNUMBER(SEARCH(","&N$1&",",","&$D6&",")),1,0) -> 0
A7: clinical-cases.test.mjs | B7: A6 | C7: A1c 11.2% (hiperglucemia severa) -> nota de considerar insulina basal simultanea | D7: B,H | E7: A1c muy elevado es un valor extremo del espectro clinico y dispara una alerta de seguridad (necesidad de insulina) | F7: =IF(ISNUMBER(SEARCH(","&F$1&",",","&$D7&",")),1,0) -> 0 | G7: =IF(ISNUMBER(SEARCH(","&G$1&",",","&$D7&",")),1,0) -> 1 | H7: =IF(ISNUMBER(SEARCH(","&H$1&",",","&$D7&",")),1,0) -> 0 | I7: =IF(ISNUMBER(SEARCH(","&I$1&",",","&$D7&",")),1,0) -> 0 | J7: =IF(ISNUMBER(SEARCH(","&J$1&",",","&$D7&",")),1,0) -> 0 | K7: =IF(ISNUMBER(SEARCH(","&K$1&",",","&$D7&",")),1,0) -> 0 | L7: =IF(ISNUMBER(SEARCH(","&L$1&",",","&$D7&",")),1,0) -> 0 | M7: =IF(ISNUMBER(SEARCH(","&M$1&",",","&$D7&",")),1,0) -> 1 | N7: =IF(ISNUMBER(SEARCH(","&N$1&",",","&$D7&",")),1,0) -> 0
A8: clinical-cases.test.mjs | B8: B1 (HTA) | C8: HTA Etapa 1 (132/84), sin ASCVD/ERC/DM, sin PREVENT-CVD -> ensayo de estilo de vida, NO farmaco todavia | D8: D,G | E8: Depende de que el dato PREVENT-CVD no fue capturado, e implementa la provision especifica de la guia AHA/ACC 2025 que exige riesgo confirmado antes de tratar | F8: =IF(ISNUMBER(SEARCH(","&F$1&",",","&$D8&",")),1,0) -> 0 | G8: =IF(ISNUMBER(SEARCH(","&G$1&",",","&$D8&",")),1,0) -> 0 | H8: =IF(ISNUMBER(SEARCH(","&H$1&",",","&$D8&",")),1,0) -> 0 | I8: =IF(ISNUMBER(SEARCH(","&I$1&",",","&$D8&",")),1,0) -> 1 | J8: =IF(ISNUMBER(SEARCH(","&J$1&",",","&$D8&",")),1,0) -> 0 | K8: =IF(ISNUMBER(SEARCH(","&K$1&",",","&$D8&",")),1,0) -> 0 | L8: =IF(ISNUMBER(SEARCH(","&L$1&",",","&$D8&",")),1,0) -> 1 | M8: =IF(ISNUMBER(SEARCH(","&M$1&",",","&$D8&",")),1,0) -> 0 | N8: =IF(ISNUMBER(SEARCH(","&N$1&",",","&$D8&",")),1,0) -> 0
A9: clinical-cases.test.mjs | B9: B1b (HTA) | C9: HTA Etapa 1 + PREVENT-CVD 8.2% (>=7.5%) -> riesgo confirmado, inicia Amlodipino de inmediato | D9: G | E9: Prueba el umbral especifico de la guia 2025 que usa PREVENT-CVD para confirmar riesgo y habilitar tratamiento inmediato | F9: =IF(ISNUMBER(SEARCH(","&F$1&",",","&$D9&",")),1,0) -> 0 | G9: =IF(ISNUMBER(SEARCH(","&G$1&",",","&$D9&",")),1,0) -> 0 | H9: =IF(ISNUMBER(SEARCH(","&H$1&",",","&$D9&",")),1,0) -> 0 | I9: =IF(ISNUMBER(SEARCH(","&I$1&",",","&$D9&",")),1,0) -> 0 | J9: =IF(ISNUMBER(SEARCH(","&J$1&",",","&$D9&",")),1,0) -> 0 | K9: =IF(ISNUMBER(SEARCH(","&K$1&",",","&$D9&",")),1,0) -> 0 | L9: =IF(ISNUMBER(SEARCH(","&L$1&",",","&$D9&",")),1,0) -> 1 | M9: =IF(ISNUMBER(SEARCH(","&M$1&",",","&$D9&",")),1,0) -> 0 | N9: =IF(ISNUMBER(SEARCH(","&N$1&",",","&$D9&",")),1,0) -> 0
A10: clinical-cases.test.mjs | B10: B1c (HTA) | C10: HTA Etapa 1 + PREVENT-CVD 4.1% (<7.5%) -> sigue en ensayo de estilo de vida | D10: G | E10: Prueba el mismo umbral guia-especifico de PREVENT-CVD del lado en que el riesgo no se confirma | F10: =IF(ISNUMBER(SEARCH(","&F$1&",",","&$D10&",")),1,0) -> 0 | G10: =IF(ISNUMBER(SEARCH(","&G$1&",",","&$D10&",")),1,0) -> 0 | H10: =IF(ISNUMBER(SEARCH(","&H$1&",",","&$D10&",")),1,0) -> 0 | I10: =IF(ISNUMBER(SEARCH(","&I$1&",",","&$D10&",")),1,0) -> 0 | J10: =IF(ISNUMBER(SEARCH(","&J$1&",",","&$D10&",")),1,0) -> 0 | K10: =IF(ISNUMBER(SEARCH(","&K$1&",",","&$D10&",")),1,0) -> 0 | L10: =IF(ISNUMBER(SEARCH(","&L$1&",",","&$D10&",")),1,0) -> 1 | M10: =IF(ISNUMBER(SEARCH(","&M$1&",",","&$D10&",")),1,0) -> 0 | N10: =IF(ISNUMBER(SEARCH(","&N$1&",",","&$D10&",")),1,0) -> 0
A11: clinical-cases.test.mjs | B11: B1d (HTA) | C11: HTA Etapa 1 + ERC ya conocida (UACR 80), sin PREVENT-CVD -> riesgo confirmado por comorbilidad, inicia farmaco de inmediato | D11: D,G | E11: Falta el dato PREVENT-CVD pero la guia permite confirmar el riesgo por otra via (comorbilidad ya conocida) | F11: =IF(ISNUMBER(SEARCH(","&F$1&",",","&$D11&",")),1,0) -> 0 | G11: =IF(ISNUMBER(SEARCH(","&G$1&",",","&$D11&",")),1,0) -> 0 | H11: =IF(ISNUMBER(SEARCH(","&H$1&",",","&$D11&",")),1,0) -> 0 | I11: =IF(ISNUMBER(SEARCH(","&I$1&",",","&$D11&",")),1,0) -> 1 | J11: =IF(ISNUMBER(SEARCH(","&J$1&",",","&$D11&",")),1,0) -> 0 | K11: =IF(ISNUMBER(SEARCH(","&K$1&",",","&$D11&",")),1,0) -> 0 | L11: =IF(ISNUMBER(SEARCH(","&L$1&",",","&$D11&",")),1,0) -> 1 | M11: =IF(ISNUMBER(SEARCH(","&M$1&",",","&$D11&",")),1,0) -> 0 | N11: =IF(ISNUMBER(SEARCH(","&N$1&",",","&$D11&",")),1,0) -> 0
A12: clinical-cases.test.mjs | B12: B1e (HTA) | C12: HTA Etapa 2 (155/98) sin ASCVD/ERC/DM/PREVENT -> se trata igual, combo de inicio (Etapa 2 no pasa por el gate) | D12: G | E12: Prueba la regla explicita de la guia de que Etapa 2 nunca pasa por el gate de PREVENT-CVD | F12: =IF(ISNUMBER(SEARCH(","&F$1&",",","&$D12&",")),1,0) -> 0 | G12: =IF(ISNUMBER(SEARCH(","&G$1&",",","&$D12&",")),1,0) -> 0 | H12: =IF(ISNUMBER(SEARCH(","&H$1&",",","&$D12&",")),1,0) -> 0 | I12: =IF(ISNUMBER(SEARCH(","&I$1&",",","&$D12&",")),1,0) -> 0 | J12: =IF(ISNUMBER(SEARCH(","&J$1&",",","&$D12&",")),1,0) -> 0 | K12: =IF(ISNUMBER(SEARCH(","&K$1&",",","&$D12&",")),1,0) -> 0 | L12: =IF(ISNUMBER(SEARCH(","&L$1&",",","&$D12&",")),1,0) -> 1 | M12: =IF(ISNUMBER(SEARCH(","&M$1&",",","&$D12&",")),1,0) -> 0 | N12: =IF(ISNUMBER(SEARCH(","&N$1&",",","&$D12&",")),1,0) -> 0
A13: clinical-cases.test.mjs | B13: B2 (HTA) | C13: HTA Etapa 2 + albuminuria (UACR 60), virgen -> combo de 2 clases, ARA-II/IECA primero | D13: A | E13: Comorbilidad renal comun que dirige la clase de farmaco preferida, sin datos extremos | F13: =IF(ISNUMBER(SEARCH(","&F$1&",",","&$D13&",")),1,0) -> 1 | G13: =IF(ISNUMBER(SEARCH(","&G$1&",",","&$D13&",")),1,0) -> 0 | H13: =IF(ISNUMBER(SEARCH(","&H$1&",",","&$D13&",")),1,0) -> 0 | I13: =IF(ISNUMBER(SEARCH(","&I$1&",",","&$D13&",")),1,0) -> 0 | J13: =IF(ISNUMBER(SEARCH(","&J$1&",",","&$D13&",")),1,0) -> 0 | K13: =IF(ISNUMBER(SEARCH(","&K$1&",",","&$D13&",")),1,0) -> 0 | L13: =IF(ISNUMBER(SEARCH(","&L$1&",",","&$D13&",")),1,0) -> 0 | M13: =IF(ISNUMBER(SEARCH(","&M$1&",",","&$D13&",")),1,0) -> 0 | N13: =IF(ISNUMBER(SEARCH(","&N$1&",",","&$D13&",")),1,0) -> 0
... A228: screening-cases.test.mjs | B228: D10 | C228: Sin antecedente diabetológico -> todos los ítems 'sin_dato' (no se inventa un estado) | D228: D | E228: Ningún dato de tipo ni duración de diabetes capturado; no se debe inventar un estado de tamizaje. | F228: =IF(ISNUMBER(SEARCH(","&F$1&",",","&$D228&",")),1,0) -> 0 | G228: =IF(ISNUMBER(SEARCH(","&G$1&",",","&$D228&",")),1,0) -> 0 | H228: =IF(ISNUMBER(SEARCH(","&H$1&",",","&$D228&",")),1,0) -> 0 | I228: =IF(ISNUMBER(SEARCH(","&I$1&",",","&$D228&",")),1,0) -> 1 | J228: =IF(ISNUMBER(SEARCH(","&J$1&",",","&$D228&",")),1,0) -> 0 | K228: =IF(ISNUMBER(SEARCH(","&K$1&",",","&$D228&",")),1,0) -> 0 | L228: =IF(ISNUMBER(SEARCH(","&L$1&",",","&$D228&",")),1,0) -> 0 | M228: =IF(ISNUMBER(SEARCH(","&M$1&",",","&$D228&",")),1,0) -> 0 | N228: =IF(ISNUMBER(SEARCH(","&N$1&",",","&$D228&",")),1,0) -> 0

Sheet Resumen por categoría
A1: NEXORA — EndoCore: Clasificación de la suite de 227 tests
A2: Taxonomía A-H propuesta por el Dr. Ortega + I (consistencia interna, propuesta del equipo, 16-ago-2026)
A4: Cat. | B4: Nombre | C4: Descripción | D4: # de casos | E4: % del total | F4: Nota
A5: A | B5: Casos normales | C5: Paciente típico, datos completos, sin nada extremo. | D5: =SUM('Detalle (227 casos)'!F2:F228) -> 97 | E5: =D5/$D$14 -> 0.42731278 | F5: Base sólida — casi la mitad de la suite. Esperado y correcto: la mayoría de las consultas reales son así.
A6: B | B6: Edge cases | C6: Valor exactamente en un corte/umbral (eGFR=30, edad=65, etc.). | D6: =SUM('Detalle (227 casos)'!G2:G228) -> 50 | E6: =D6/$D$14 -> 0.22026432 | F6: Buena cobertura de umbrales exactos, sobre todo vía boundary-alerts.test.mjs.
A7: C | B7: Adversarial | C7: Combinación deliberadamente diseñada para romper la lógica del sistema. | D7: =SUM('Detalle (227 casos)'!H2:H228) -> 10 | E7: =D7/$D$14 -> 0.044052863 | F7: Cobertura ligera — pocos casos diseñados deliberadamente para romper el sistema (más allá de un valor límite).
A8: D | B8: Missing data | C8: Falta un dato relevante (campo vacío/no capturado). | D8: =SUM('Detalle (227 casos)'!I2:I228) -> 21 | E8: =D8/$D$14 -> 0.092511013 | F8: Cobertura recién reforzada (16-ago-2026) tras el hallazgo de gobernanza del bug de metformina/eGFR.
A9: E | B9: Human error | C9: Dato plausible pero probablemente un error de captura (ej. glucosa 65 en vez de 650). | D9: =SUM('Detalle (227 casos)'!J2:J228) -> 0 | E9: =D9/$D$14 -> 0 | F9: HUECO REAL — cero casos en toda la suite. Nadie prueba un dato plausible pero probablemente erróneo (ej. glucosa 65 vs 650). Coincide exactamente con el hueco de "dato sospechoso pero plausible" identificado en el catálogo de gobernanza clínica.
A10: F | B10: Contradictory | C10: Dos datos del MISMO paciente que se contradicen entre sí. | D10: =SUM('Detalle (227 casos)'!K2:K228) -> 5 | E10: =D10/$D$14 -> 0.022026432 | F10: Cobertura mínima — los pocos casos existentes surgieron como efecto colateral de otras pruebas (ej. el bug de insulina I23), no de un diseño deliberado de "datos contradictorios".
A11: G | B11: Guideline conflict | C11: Prueba explícita de qué pasa cuando dos guías/sociedades difieren. | D11: =SUM('Detalle (227 casos)'!L2:L228) -> 6 | E11: =D11/$D$14 -> 0.026431718 | F11: Cobertura mínima y concentrada casi toda en un solo tema (el gate PREVENT-CVD en HTA). Ningún otro conflicto de guías documentado en el motor central tiene test dedicado.
A12: H | B12: Safety-critical | C12: Contraindicación, interacción fármaco-fármaco, o alerta de seguridad. | D12: =SUM('Detalle (227 casos)'!M2:M228) -> 117 | E12: =D12/$D$14 -> 0.5154185 | F12: Categoría dominante — más de la mitad de la suite. Coherente con ser una herramienta de decisión clínica: la seguridad debe ser lo más probado.
A13: I | B13: Consistencia interna | C13: Compara dos funciones/módulos que calculan el mismo hecho clínico — deben coincidir. | D13: =SUM('Detalle (227 casos)'!N2:N228) -> 20 | E13: =D13/$D$14 -> 0.088105727 | F13: Cobertura inicial razonable, concentrada en deduplicación de tarjetas — pero ningún caso prueba HOY la inconsistencia ya corregida entre classifyBP de calculations.js vs individualization.js (el bug real que motivó esta categoría).
A14: Total | B14: Casos únicos en la suite | D14: =COUNTA('Detalle (227 casos)'!B2:B228) -> 227
A16: Nota: una verificación puede pertenecer a más de una categoría (ej. un caso puede ser B y H a la vez) — por eso la suma de "# de casos" es mayor que el total de casos únicos (227). Los conteos son fórmulas sobre la hoja Detalle, no números fijos: se recalculan si agregas o cambias una fila.
